Type 1,Type 2,Type 3
9.859154929577464,90.14084507042254,0.0
51.162790697674424,44.18604651162791,4.651162790697675
36.19631901840491,58.89570552147239,4.9079754601226995
51.162790697674424,44.18604651162791,4.651162790697675
57.446808510638306,35.1063829787234,7.446808510638298
51.85185185185185,43.518518518518526,4.62962962962963
51.8677281077771,43.417023882424985,4.715248009797918
57.758620689655174,34.48275862068966,7.758620689655173
56.94444444444444,36.111111111111114,6.944444444444445
51.85185185185185,43.518518518518526,4.62962962962963
51.36546184738956,36.40014603870026,12.234392113910186
35.55555555555556,53.333333333333336,11.11111111111111
71.60485021398003,22.831669044222537,5.563480741797433
59.015751116683646,33.542303372254004,7.441945511062352
61.76899223107352,30.97270466026013,7.258303108666353
9.859154929577464,90.14084507042254,0.0
64.13645518630413,29.720543806646525,6.143001007049345
50.0,45.3125,4.6875
40.0,60.0,0.0
9.859154929577464,90.14084507042254,0.0
35.41666666666667,53.125,11.458333333333332
60.83183975507881,30.831301297682323,8.336858947238868
50.41336851363236,45.45294635004397,4.133685136323659
38.53211009174312,50.45871559633027,11.009174311926607
44.44444444444444,52.77777777777778,2.7777777777777777
65.51928262919033,22.650237881212863,11.830479489596808
44.44444444444444,52.77777777777778,2.7777777777777777
51.162790697674424,44.18604651162791,4.651162790697675
51.18770377270611,44.154634373544475,4.657661853749418
44.44444444444444,52.77777777777778,2.7777777777777777
48.15766923736076,48.41473864610112,3.4275921165381322
68.80411753084401,25.740699108231656,5.455183360924332
44.44444444444444,52.77777777777778,2.7777777777777777
58.31715210355986,26.81409564904711,14.868752247393024
65.07202834912565,22.43740852014483,12.490563130729528
46.29695885509839,42.82647584973166,10.876565295169947
51.125,44.875,4.0
53.15161839863713,41.396933560477,5.45144804088586
67.08482212210657,26.359328879913,6.555848997980426
64.67760534615225,22.1584672881615,13.163927365686263
9.859154929577464,90.14084507042254,0.0
47.685551163812036,41.598594642072904,10.715854194115064
44.44444444444444,52.77777777777778,2.7777777777777777
49.62550078383557,46.6643441909075,3.710155025256924
44.44444444444444,52.77777777777778,2.7777777777777777
61.070922514728906,33.93989111790589,4.989186367365202
51.10310670868978,44.60453249287107,4.292360798439142
44.31818181818182,44.31818181818182,11.363636363636363
44.31818181818182,44.31818181818182,11.363636363636363
44.31818181818182,44.31818181818182,11.363636363636363
44.31818181818182,44.31818181818182,11.363636363636363
44.31818181818182,44.31818181818182,11.363636363636363
44.31818181818182,44.31818181818182,11.363636363636363
51.162790697674424,44.18604651162791,4.651162790697675
51.162790697674424,44.18604651162791,4.651162790697675
51.162790697674424,44.18604651162791,4.651162790697675
9.859154929577464,90.14084507042254,0.0
65.78137686423658,25.680526473227637,8.53809666253579
48.15766923736076,48.41473864610112,3.4275921165381322
9.859154929577464,90.14084507042254,0.0
44.44444444444444,52.77777777777778,2.7777777777777777
72.81889784272836,16.64264637467101,10.538455782600634
72.52536976991627,18.25572055193181,9.218909678151928
50.96942580164057,44.817300521998504,4.213273676360925
29.411764705882355,63.18082788671025,7.4074074074074066
30.30973451327434,62.38938053097345,7.300884955752212
39.25619834710744,45.867768595041326,14.87603305785124
51.05151456685317,44.317962569940185,4.630522863206637
60.384730988878864,33.66396152690111,5.951307484220019
67.10469810186378,26.016204300151735,6.879097597984483
67.68241175844872,25.433464525050532,6.884123716500748
58.333333333333336,16.666666666666664,25.0
3.853736089030207,96.12294647588764,0.023317435082140965
58.333333333333336,16.666666666666664,25.0
66.9293554742471,26.141289051505765,6.929355474247115
61.88340807174888,31.84431413130965,6.272277796941474
44.44444444444444,52.77777777777778,2.7777777777777777
64.36128941242858,29.868801580023984,5.769909007547436
44.77739726027397,52.3972602739726,2.8253424657534243
44.44444444444444,52.77777777777778,2.7777777777777777
64.60868594395444,29.434458462034662,5.956855594010892
52.409143233020885,42.77257030093734,4.818286466041769
58.333333333333336,16.666666666666664,25.0
47.50925877627667,39.403265348703776,13.08747587501956
9.859154929577464,90.14084507042254,0.0
58.333333333333336,16.666666666666664,25.0
94.55899464742843,4.882476146148473,0.5585292064230859
54.628745115067304,33.838471558836304,11.532783326096396
57.79334500875657,34.85113835376532,7.355516637478108
53.07017543859649,39.03508771929825,7.894736842105263
51.162790697674424,44.18604651162791,4.651162790697675
51.05140186915887,36.52498202731847,12.423616103522646
49.79009235936188,46.14609571788413,4.063811922753988
42.71844660194174,47.57281553398058,9.70873786407767
41.72185430463576,48.34437086092716,9.933774834437086
46.13807245386193,43.403964456596036,10.457963089542037
51.162790697674424,44.18604651162791,4.651162790697675
51.162790697674424,44.18604651162791,4.651162790697675
47.67348683156151,39.21683850633046,13.109674662108016
47.593243788551334,39.343978785957226,13.06277742549144
51.162790697674424,44.18604651162791,4.651162790697675
16.41965678627145,83.50234009360375,0.078003120124805
54.394224733207786,37.9472693032015,7.6585059635907085
44.44444444444444,52.77777777777778,2.7777777777777777
41.71650717703349,43.480861244019145,14.802631578947366
40.0,50.588235294117645,9.411764705882353
9.859154929577464,90.14084507042254,0.0
39.18112027295991,47.758506302720114,13.060373424319971
56.0840598898545,28.07301716973957,15.842922940405932
9.859154929577464,90.14084507042254,0.0
29.854096520763186,62.40179573512907,7.744107744107744
44.44444444444444,52.77777777777778,2.7777777777777777
47.729677972080836,39.30353273194578,12.966789295973392
52.99684542586751,41.9558359621451,5.047318611987381
52.1870286576169,43.6902966314731,4.122674710910005
49.65362291705674,46.451975285527055,3.8944017974162146
51.162790697674424,44.18604651162791,4.651162790697675
35.55555555555556,53.333333333333336,11.11111111111111
51.20226308345121,44.0695089917155,4.728227924833299
44.44444444444444,52.77777777777778,2.7777777777777777
44.44444444444444,52.77777777777778,2.7777777777777777
49.184782608695656,45.92391304347826,4.891304347826087
9.859154929577464,90.14084507042254,0.0
44.392304082590336,52.83904270295636,2.7686532144533085
44.44444444444444,52.77777777777778,2.7777777777777777
44.44444444444444,52.77777777777778,2.7777777777777777
56.46900269541779,36.09164420485175,7.439353099730458
61.58674119839168,21.15328037658135,17.25997842502697
61.41059499766972,32.1733726891409,6.4160323131893735
63.730805844128966,25.85571789247134,10.413476263399694
64.52788881613026,25.4385879179413,10.033523265928439
50.0,46.249424758398526,3.7505752416014726
51.162790697674424,44.18604651162791,4.651162790697675
44.44444444444444,52.77777777777778,2.7777777777777777
63.70191783212968,26.40237383544608,9.895708332424235
63.19492071409273,26.86472556476921,9.94035372113806
49.28848641655886,45.79560155239327,4.915912031047866
44.44444444444444,52.77777777777778,2.7777777777777777
66.47170800342097,26.796700416586205,6.731591579992827
44.44444444444444,52.77777777777778,2.7777777777777777
52.799756542909314,41.448569689592205,5.751673767498478
50.0,41.397849462365585,8.60215053763441
61.06767549390501,31.5454672831722,7.386857222922797
51.03011093502378,45.039619651347074,3.9302694136291603
32.03125,67.578125,0.390625
44.25385934819897,53.00171526586621,2.7444253859348198
64.7887323943662,28.169014084507037,7.042253521126761
71.60883280757098,23.23869610935857,5.152471083070452
69.06558328496808,26.175275681950083,4.759141033081834
62.77683919520811,28.95407771463677,8.26908309015512
49.8812351543943,46.38163103721299,3.737133808392716
35.55555555555556,53.333333333333336,11.11111111111111
49.96389891696751,45.631768953068594,4.404332129963899
44.22700587084149,53.03326810176125,2.73972602739726
69.5462498541934,22.939461098798553,7.514289047008048
72.9842756774841,21.281736738411215,5.73398758410468
35.294117647058826,52.94117647058824,11.76470588235294
35.55555555555556,53.333333333333336,11.11111111111111
44.44444444444444,52.77777777777778,2.7777777777777777
64.94189263973436,27.57793764988009,7.480169710385538
51.34177215189874,44.65822784810126,4.0
9.859154929577464,90.14084507042254,0.0
44.25385934819897,53.00171526586621,2.7444253859348198
44.44444444444444,52.77777777777778,2.7777777777777777
66.28732394366197,24.336150234741783,9.376525821596244
50.17764857881137,45.99483204134367,3.827519379844961
73.64882136546007,17.73119797281527,8.619980661724663
49.44512946979038,40.18495684340321,10.369913686806411
72.1378137591956,18.522790285017187,9.339395955787216
65.0,30.000000000000004,5.0
40.39779005524862,47.20441988950276,12.397790055248619
44.44444444444444,52.77777777777778,2.7777777777777777
47.12301587301587,41.51785714285714,11.359126984126984
44.44444444444444,52.77777777777778,2.7777777777777777
67.7621434078643,23.857941403238247,8.379915188897456
44.44444444444444,52.77777777777778,2.7777777777777777
66.54479757319776,23.353699103377135,10.101503323425112
70.38070290842457,20.30904947610769,9.310247615467745
72.38228368248727,17.95648788359242,9.661228433920312
47.45762711864407,49.152542372881356,3.389830508474576
48.24887497554295,48.7445379247375,3.006587099719559
68.36290465463564,26.059041399849825,5.578053945514524
50.29689905432153,45.8983945458544,3.80470639982406
9.859154929577464,90.14084507042254,0.0
41.10821003771395,43.284015085581665,15.607774876704381
58.891938746027165,33.819705287489164,7.2883559664836755
62.84360495100567,30.261088189788556,6.895306859205776
50.15479876160991,46.06123151014791,3.7839697282421736
49.53194953194953,46.76434676434676,3.7037037037037033
44.44444444444444,52.77777777777778,2.7777777777777777
44.44444444444444,52.77777777777778,2.7777777777777777
63.034841075794624,24.98471882640587,11.98044009779951
38.88888888888889,50.0,11.11111111111111
62.60762607626076,25.584255842558424,11.808118081180812
57.64975996660405,31.788770611563343,10.561469421832603
65.94911937377691,23.09197651663405,10.95890410958904
66.14173228346458,22.83464566929134,11.023622047244094
65.49062844542448,23.704520396912898,10.804851157662625
44.44444444444444,52.77777777777778,2.7777777777777777
44.44444444444444,52.77777777777778,2.7777777777777777
64.98422712933754,23.34384858044164,11.67192429022082
44.44444444444444,52.77777777777778,2.7777777777777777
44.44444444444444,52.77777777777778,2.7777777777777777
9.859154929577464,90.14084507042254,0.0
44.44444444444444,52.77777777777778,2.7777777777777777
53.95751721453077,20.749896591157935,25.292586194311294
59.75999903420135,29.786437772385398,10.453563193413252
9.859154929577464,90.14084507042254,0.0
65.85867825291561,26.938028813171734,7.203292933912646
54.52112464291085,36.67418433318298,8.804691023906178
65.7762399077278,25.485582468281432,8.738177623990772
36.49497487437186,52.8894472361809,10.615577889447236
51.85185185185185,43.518518518518526,4.62962962962963
44.44444444444444,52.77777777777778,2.7777777777777777
52.835176170980944,36.64291931272364,10.521904516295413
53.80710105686086,35.58607738667132,10.606821556467812
9.859154929577464,90.14084507042254,0.0
55.172413793103445,37.93103448275862,6.896551724137931
56.68381602873996,28.4760722047279,14.840111766532132
59.243257614782564,29.714684524501898,11.042057860715532
48.275862068965516,48.275862068965516,3.4482758620689653
20.752565564424174,78.22120866590649,1.0262257696693273
64.2724071461647,27.10556638416558,8.622026469669722
33.47826086956522,61.95652173913043,4.565217391304348
50.76923076923077,44.61538461538461,4.615384615384616
50.7367072389494,44.650864830237026,4.612427930813581
50.80965475099297,44.57684081882065,4.6135044301863735
33.97590361445783,55.58232931726907,10.441767068273093
58.42109784382785,31.33064169744867,10.248260458723477
50.76923076923077,44.61538461538461,4.615384615384616
51.55796400232243,43.85523514611961,4.586800851557964
9.859154929577464,90.14084507042254,0.0
44.44444444444444,52.77777777777778,2.7777777777777777
44.44444444444444,52.77777777777778,2.7777777777777777
54.20607267297163,40.26879044300647,5.525136884021902
51.85185185185185,43.518518518518526,4.62962962962963
51.553930530164536,43.87568555758684,4.570383912248629
51.85185185185185,43.518518518518526,4.62962962962963
53.01915839890523,35.177899418405744,11.802942182689018
51.00802505382658,44.3726756703856,4.619299275787825
38.88888888888889,50.0,11.11111111111111
44.178246286535696,53.09056061332056,2.731193100143747
68.69968984743362,23.95525197655032,7.345058176016063
63.632715651289104,28.867678461384127,7.49960588732677
9.859154929577464,90.14084507042254,0.0
91.15144998576895,2.7450112267164206,6.103538787514626
91.77462520427255,1.6266805611475532,6.59869423457989
91.76307359572341,1.7220623941564095,6.514864010120178
9.859154929577464,90.14084507042254,0.0
37.55102040816327,52.6530612244898,9.795918367346939
35.695006747638324,53.84615384615385,10.458839406207828
35.55555555555556,53.333333333333336,11.11111111111111
35.55555555555556,53.333333333333336,11.11111111111111
38.028169014084504,51.40845070422535,10.56338028169014
38.028169014084504,51.40845070422535,10.56338028169014
91.14039295538869,1.393063074528389,7.466543970082919
44.44444444444444,52.77777777777778,2.7777777777777777
67.60110294117648,20.68014705882353,11.71875
44.44444444444444,52.77777777777778,2.7777777777777777
49.97086812973393,46.20314624198873,3.8259856282773357
44.44444444444444,52.77777777777778,2.7777777777777777
44.44444444444444,52.77777777777778,2.7777777777777777
48.275862068965516,48.275862068965516,3.4482758620689653
69.32763760957593,24.51386107773773,6.158501312686335
48.275862068965516,48.275862068965516,3.4482758620689653
69.53282828282829,24.60858585858586,5.858585858585859
53.39578454332553,41.276346604215455,5.327868852459016
59.306569343065696,30.995828988529716,9.69760166840459
64.96124678797501,24.885620573672885,10.153132638352101
52.20517737296261,43.09683604985618,4.697986577181208
9.859154929577464,90.14084507042254,0.0
49.960348929421095,45.36082474226804,4.678826328310865
33.33333333333333,59.42028985507246,7.246376811594203
39.784946236559136,49.46236559139785,10.75268817204301
39.784946236559136,49.46236559139785,10.75268817204301
39.784946236559136,49.46236559139785,10.75268817204301
39.784946236559136,49.46236559139785,10.75268817204301
39.784946236559136,49.46236559139785,10.75268817204301
39.784946236559136,49.46236559139785,10.75268817204301
39.784946236559136,49.46236559139785,10.75268817204301
39.784946236559136,49.46236559139785,10.75268817204301
51.162790697674424,34.883720930232556,13.953488372093023
48.275862068965516,48.275862068965516,3.4482758620689653
48.275862068965516,48.275862068965516,3.4482758620689653
51.162790697674424,34.883720930232556,13.953488372093023
38.88888888888889,50.0,11.11111111111111
41.57303370786517,49.43820224719101,8.98876404494382
41.86046511627907,50.0,8.13953488372093
64.64829134447493,25.6672486904465,9.684459965078574
64.69613517550411,27.303491411501124,8.000373412994772
48.275862068965516,48.275862068965516,3.4482758620689653
62.918737211341714,29.589301373867293,7.491961414790997
67.38764197597956,24.46062713982936,8.151730884191076
49.64350853921406,46.244403913115576,4.11208754767037
49.74720115565186,46.51498736005778,3.737811484290358
9.859154929577464,90.14084507042254,0.0
44.24083769633508,53.010471204188484,2.74869109947644
62.08829802178716,24.66316743930629,13.248534538906556
63.5672207876049,24.15267914783732,12.280100064557779
44.67265725288832,52.503209242618745,2.8241335044929397
44.44444444444444,52.77777777777778,2.7777777777777777
44.44444444444444,52.77777777777778,2.7777777777777777
35.60693641618497,55.95375722543352,8.439306358381502
50.99555701826559,44.90702649333552,4.097416488398881
50.022933675809554,40.06971837446106,9.907347949729383
44.44444444444444,52.77777777777778,2.7777777777777777
9.859154929577464,90.14084507042254,0.0
45.64346865506766,47.53521126760564,6.821320077326705
69.15991380618532,20.857992655315794,9.982093538498892
67.68901569186876,22.822933529949186,9.488050778182052
9.859154929577464,90.14084507042254,0.0
9.853091902972325,90.12640929279125,0.020498804236419543
44.44444444444444,52.77777777777778,2.7777777777777777
44.44444444444444,52.77777777777778,2.7777777777777777
67.76859504132231,25.19202722411279,7.0393777345649
56.495224945345754,35.2088367276493,8.295938327004947
44.44444444444444,52.77777777777778,2.7777777777777777
44.44444444444444,52.77777777777778,2.7777777777777777
58.333333333333336,16.666666666666664,25.0
50.97553422112109,38.43295137813565,10.591514400743264
34.090909090909086,54.54545454545454,11.363636363636363
35.287958115183244,56.125654450261784,8.586387434554974
44.44444444444444,52.77777777777778,2.7777777777777777
60.923238066736495,28.358022844032117,10.718739089231383
44.29882044560944,52.94888597640891,2.7522935779816518
50.822168087697925,45.03654080389769,4.141291108404385
44.44444444444444,52.77777777777778,2.7777777777777777
44.44444444444444,52.77777777777778,2.7777777777777777
44.44444444444444,52.77777777777778,2.7777777777777777
62.82412120486257,28.271153961315054,8.904724833822385
35.55555555555556,53.333333333333336,11.11111111111111
44.44444444444444,52.77777777777778,2.7777777777777777
44.608567208271786,52.584933530280644,2.806499261447563
50.73170731707317,45.36585365853658,3.902439024390244
77.72770604038477,14.145506543027997,8.126787416587227
44.44444444444444,52.77777777777778,2.7777777777777777
58.333333333333336,16.666666666666664,25.0
51.19649477586788,44.64105156723963,4.162453656892485
63.10468698973434,25.962316659330675,10.932996350934983
61.92348372346449,27.208042649116994,10.868473627418512
61.889276755020504,27.869287638868613,10.241435606110883
53.760445682451255,40.66852367688022,5.571030640668524
60.77028306850468,31.321687888035356,7.90802904345996
44.44444444444444,52.77777777777778,2.7777777777777777
40.819964349376114,18.405341934753693,40.774693715870185
51.98630136986301,43.105022831050235,4.908675799086757
41.83673469387755,34.693877551020414,23.46938775510204
44.44444444444444,52.77777777777778,2.7777777777777777
9.859154929577464,90.14084507042254,0.0
44.44444444444444,52.77777777777778,2.7777777777777777
58.05968010970006,32.48738756255053,9.45293232774941
58.632743612755036,32.01812465090592,9.349131736339046
53.90218522372528,40.79084287200833,5.30697190426639
44.26835710512414,52.98468040147913,2.7469624933967247
59.65637557256957,31.267948781549894,9.07567564588053
50.810810810810814,44.32432432432433,4.864864864864865
58.333333333333336,16.666666666666664,25.0
44.44444444444444,52.77777777777778,2.7777777777777777
61.717064005890265,29.54528143803793,8.7376545560718
60.37238714210433,29.974310556824168,9.653302301071491
51.91256830601093,42.622950819672134,5.46448087431694
44.45964432284541,52.75877792977657,2.7815777473780208
44.44444444444444,52.77777777777778,2.7777777777777777
50.73479152426521,45.12987012987013,4.135338345864661
56.6989193010807,33.56186243813756,9.739218260781739
59.40549877645027,30.99863250323881,9.595868720310925
58.333333333333336,16.666666666666664,25.0
62.74033307126009,28.86855835894504,8.391108569794868
51.08910891089109,44.35643564356435,4.554455445544554
35.41446208112875,54.25044091710758,10.335097001763668
68.62911304615858,24.196655621484165,7.174231332357247
61.958852966875845,28.79497974422115,9.246167288903012
50.45955882352941,45.68014705882353,3.860294117647059
72.88722385405354,21.931327031144086,5.18144911480237
44.44444444444444,52.77777777777778,2.7777777777777777
9.859154929577464,90.14084507042254,0.0
44.44444444444444,52.77777777777778,2.7777777777777777
66.56829034009438,23.93468183147022,9.4970278284354
51.03626943005182,44.5308002302821,4.4329303396660915
63.41045415595544,25.556245013739918,11.033300830304642
44.44444444444444,52.77777777777778,2.7777777777777777
58.38509316770186,17.391304347826086,24.22360248447205
44.44444444444444,52.77777777777778,2.7777777777777777
44.37904649793997,52.85462036492055,2.766333137139494
44.30538172715895,52.94117647058824,2.753441802252816
9.859154929577464,90.14084507042254,0.0
49.77724977724978,42.2037422037422,8.019008019008018
51.67666845372948,35.029313594936276,13.294017951334244
47.44744744744745,47.833547833547826,4.719004719004719
30.089485458612973,62.192393736017905,7.718120805369128
24.705882352941178,69.88235294117648,5.411764705882352
67.91638721216185,24.254415381175942,7.829197406662196
48.275862068965516,48.275862068965516,3.4482758620689653
32.8159645232816,65.63192904656319,1.5521064301552108
50.81206496519721,45.290023201856144,3.897911832946636
55.45973793257923,39.242916340015675,5.297345727405085
51.26283652511796,44.9902858728837,3.746877601998335
48.45461579183125,33.48128843099727,18.06409577717148
48.52997869534341,33.44425281525819,18.0257684893984
53.74761515399291,42.3003543199782,3.952030526028891
44.44444444444444,52.77777777777778,2.7777777777777777
54.16864354917452,30.12287614057526,15.708480310250222
9.859154929577464,90.14084507042254,0.0
58.13239699454894,32.94455630309876,8.923046702352305
58.77282880042044,32.516095125476284,8.711076074103271
9.859154929577464,90.14084507042254,0.0
44.44444444444444,52.77777777777778,2.7777777777777777
44.44444444444444,52.77777777777778,2.7777777777777777
44.44444444444444,52.77777777777778,2.7777777777777777
51.28730251609128,44.73376243417203,3.978935049736688
53.03754583004595,41.31433610247366,5.648118067480392
65.02763458574692,29.729765637455497,5.242599776797577
44.44444444444444,52.77777777777778,2.7777777777777777
66.15913099990716,28.074673446505216,5.766195553587624
38.88888888888889,50.0,11.11111111111111
51.017348468622835,44.35639323195545,4.626258299421718
57.861635220125784,34.80083857442347,7.337526205450734
56.94444444444444,36.111111111111114,6.944444444444445
57.446808510638306,35.1063829787234,7.446808510638298
51.05872952457051,44.306831801837795,4.63443867359169
51.15364718054837,36.937403000517335,11.908949818934298
50.964630225080384,45.11254019292604,3.922829581993569
9.859154929577464,90.14084507042254,0.0
53.06413301662708,41.85273159144893,5.0831353919239906
68.22319840774458,19.202459045353372,12.57434254690205
44.44444444444444,52.77777777777778,2.7777777777777777
41.72604908946952,38.24228028503563,20.031670625494854
55.992141453831046,37.13163064833006,6.8762278978389
55.99672533769955,37.126483831354896,6.876790830945559
44.44444444444444,52.77777777777778,2.7777777777777777
44.44444444444444,52.77777777777778,2.7777777777777777
51.202021581751126,38.440786777762604,10.357191640486272
51.228654727197,44.10662224073303,4.664723032069971
45.45454545454545,51.515151515151516,3.0303030303030303
33.33333333333333,55.55555555555556,11.11111111111111
67.14212449515995,26.257292134111164,6.600583370728893
9.859154929577464,90.14084507042254,0.0
63.86127678374199,31.16854428981666,4.970178926441352
44.44444444444444,52.77777777777778,2.7777777777777777
52.05267234701781,43.299767621998456,4.647560030983733
29.854096520763186,62.40179573512907,7.744107744107744
48.275862068965516,48.275862068965516,3.4482758620689653
48.275862068965516,48.275862068965516,3.4482758620689653
57.12630359212051,35.1100811123986,7.76361529548088
48.275862068965516,48.275862068965516,3.4482758620689653
48.275862068965516,48.275862068965516,3.4482758620689653
48.275862068965516,48.275862068965516,3.4482758620689653
49.54128440366973,46.78899082568807,3.669724770642202
38.88888888888889,50.0,11.11111111111111
75.20297200216504,20.444816218078042,4.352211779756926
75.2440519990189,20.41697326465538,4.33897473632573
75.23816294611119,20.425138632162664,4.336698421726148
75.22779043280183,20.429954441913445,4.342255125284738
75.29778786159955,20.377197958026095,4.325014180374362
75.22779043280183,20.429954441913445,4.342255125284738
75.24534205660646,20.416725928032996,4.337932015360546
75.25252525252525,20.40830843647745,4.339166310997297
75.25882853495958,20.415543894483058,4.325627570557368
75.24534205660646,20.416725928032996,4.337932015360546
49.825648973266176,46.454862456412236,3.7194885703215808
61.038961038961034,33.76623376623377,5.194805194805195
9.859154929577464,90.14084507042254,0.0
34.83870967741935,53.548387096774185,11.612903225806452
48.188175460902734,48.378893833439285,3.4329307056579785
49.91108476585655,46.35447540011855,3.7344398340248963
38.88888888888889,50.0,11.11111111111111
67.93486609657432,26.967586665983923,5.097547237441753
65.32840261707248,29.13376746188562,5.537829921041908
9.859154929577464,90.14084507042254,0.0
51.162790697674424,44.18604651162791,4.651162790697675
48.032132331970715,38.89152961308109,13.076338054948188
51.162790697674424,44.18604651162791,4.651162790697675
48.10016855285336,38.839393209727916,13.060438237418733
48.311779801741054,38.69571780808132,12.992502390177629
48.86791505597671,38.40554244690999,12.726542497113307
49.14906704941562,38.12282140660241,12.728111543981957
51.162790697674424,44.18604651162791,4.651162790697675
51.162790697674424,44.18604651162791,4.651162790697675
46.888977238843054,40.50293211410396,12.608090647052977
47.833232893223034,39.6263627896784,12.540404317098558
51.162790697674424,44.18604651162791,4.651162790697675
48.183262440424336,39.266130272126276,12.550607287449392
47.990714469950994,39.60278565901471,12.406499871034304
48.15192083818394,39.37233216918899,12.475746992627085
47.53104527231837,40.10462501222255,12.364329715459078
48.25342808527675,39.07016314683215,12.6764087678911
51.162790697674424,44.18604651162791,4.651162790697675
35.55555555555556,53.333333333333336,11.11111111111111
47.34905003481548,40.08256241917836,12.568387546006168
47.54516983859311,39.773548542519876,12.681281618887017
47.06538610787738,40.08051998447808,12.854093907644549
47.42854267310789,39.789653784219006,12.78180354267311
48.89430102289333,38.197759376522164,12.90793960058451
48.474878977299426,38.57216712882455,12.952953893876016
50.983358547655065,44.402420574886534,4.614220877458396
47.63561523006811,39.3737443034253,12.990640466506592
51.162790697674424,44.18604651162791,4.651162790697675
47.12212071960993,39.7747015636384,13.103177716751668
50.95027836436936,44.442311384142826,4.60741025148781
45.66978193146418,41.24610591900312,13.084112149532709
46.29963898916967,41.06498194945848,12.63537906137184
35.55555555555556,53.333333333333336,11.11111111111111
35.55555555555556,53.333333333333336,11.11111111111111
35.55555555555556,53.333333333333336,11.11111111111111
35.55555555555556,53.333333333333336,11.11111111111111
35.55555555555556,53.333333333333336,11.11111111111111
55.208333333333336,41.666666666666664,3.125
9.859154929577464,90.14084507042254,0.0
44.44444444444444,52.77777777777778,2.7777777777777777
44.44444444444444,52.77777777777778,2.7777777777777777
61.22629025143361,31.671812968681078,7.101896779885311
61.142857142857146,31.780219780219777,7.076923076923077
59.010966273536106,34.32650527622595,6.662528450237948
59.489598970619774,33.75509328758311,6.755307741797126
44.44444444444444,52.77777777777778,2.7777777777777777
59.04761904761905,34.285714285714285,6.666666666666667
59.57446808510638,36.170212765957444,4.25531914893617
56.52816554442437,36.1964197733618,7.275414682213828
62.045693485117404,31.901785007743698,6.0525215071389
59.29064039408867,33.73399014778325,6.975369458128079
53.32390381895332,41.72560113154172,4.9504950495049505
33.33333333333333,55.55555555555556,11.11111111111111
34.97757847533632,54.26008968609865,10.762331838565023
69.66966966966966,25.82582582582582,4.504504504504505
9.859154929577464,90.14084507042254,0.0
33.33333333333333,55.55555555555556,11.11111111111111
44.44444444444444,52.77777777777778,2.7777777777777777
68.9181547432047,26.56295160662,4.518893650175302
59.51417004048582,36.8421052631579,3.643724696356275
44.44444444444444,52.77777777777778,2.7777777777777777
77.70907261878942,18.795424236411375,3.4955031447991987
44.44444444444444,52.77777777777778,2.7777777777777777
50.03300330033004,46.20462046204621,3.762376237623762
21.727515583259127,72.57346393588602,5.699020480854853
58.333333333333336,16.666666666666664,25.0
23.258426966292134,71.12359550561797,5.617977528089887
20.053475935828878,74.1711229946524,5.775401069518717
20.053475935828878,74.1711229946524,5.775401069518717
20.053475935828878,74.1711229946524,5.775401069518717
20.053475935828878,74.1711229946524,5.775401069518717
20.053475935828878,74.1711229946524,5.775401069518717
20.053475935828878,74.1711229946524,5.775401069518717
20.053475935828878,74.1711229946524,5.775401069518717
38.507668108533224,55.26199370821864,6.230338183248132
32.0184513240176,62.683548212769246,5.298000463213155
32.26274232695321,61.9760975759624,5.761160097084396
32.34383557919025,62.296406499454235,5.3597579213555155
25.669617415751684,68.89460886744425,5.435773716804073
51.45089285714286,44.53125,4.017857142857143
50.2262443438914,45.02262443438914,4.751131221719457
39.175257731958766,50.51546391752577,10.309278350515463
9.859154929577464,90.14084507042254,0.0
46.944294213088156,49.75662520281233,3.299080584099513
47.620874904067534,49.04067536454336,3.3384497313891024
44.44444444444444,52.77777777777778,2.7777777777777777
64.98293515358363,29.078498293515352,5.938566552901023
69.02082410279131,23.839905479249744,7.139270417958943
64.38803757544586,23.513394950610376,12.098567473943758
50.96117602713909,45.11873350923483,3.920090463626084
65.79849211788897,28.03289924605894,6.168608636052091
36.947218259629096,53.42368045649073,9.629101283880171
44.44444444444444,52.77777777777778,2.7777777777777777
69.23799524783114,23.43482345140079,7.327181300768084
53.56980445657117,40.92769440654843,5.5025011368804
81.33749367515601,17.439703153988873,1.2228031708551188
44.44444444444444,52.77777777777778,2.7777777777777777
62.30197219527967,30.908503071451666,6.789524733268672
62.58922777417262,30.597014925373134,6.81375730045425
44.44444444444444,52.77777777777778,2.7777777777777777
62.394822006472495,30.80906148867314,6.796116504854369
44.44444444444444,52.77777777777778,2.7777777777777777
47.11361121357432,48.75507192917743,4.1313168572482475
55.821917808219176,37.017240643536894,7.160841548243929
53.997539975399754,40.34440344403444,5.658056580565805
38.9041095890411,60.95890410958904,0.136986301369863
94.46163295948313,5.077689560252063,0.46067748026480426
61.287843284281564,29.399193926328614,9.312962789389822
44.44444444444444,52.77777777777778,2.7777777777777777
65.0290786654423,27.385981022344662,7.58494031221304
64.28868055118606,28.21997105643994,7.491348392374002
61.50055587272018,30.927556263333432,7.571887863946396
67.1998674433129,25.276265980091004,7.523866576596097
63.837572908119135,28.53119247743452,7.631234614446342
64.89537032412726,27.483394096788693,7.621235579084053
63.49495118083952,29.11457898689811,7.390469832262371
67.84763154905401,24.03034242512212,8.122026025823878
59.733072916666664,32.454427083333336,7.8125
66.21384359004881,25.834722056897984,7.951434353053208
50.19105416947629,46.010339402112834,3.7986064284108787
9.859154929577464,90.14084507042254,0.0
52.03786633410804,42.86038206450882,5.101751601383142
52.595155709342556,42.56055363321799,4.844290657439446
23.525779561593087,73.33539158176391,3.1388288566429967
44.44444444444444,52.77777777777778,2.7777777777777777
55.503283986655546,28.98769808173478,15.509017931609675
9.859154929577464,90.14084507042254,0.0
51.887918577621406,43.02318276057046,5.0888986618081296
44.44444444444444,52.77777777777778,2.7777777777777777
59.976906407681,30.029578779203113,9.993514813115894
43.17180616740088,54.27312775330396,2.555066079295154
44.44444444444444,52.77777777777778,2.7777777777777777
75.2927400468384,13.700234192037474,11.00702576112412
44.44444444444444,52.77777777777778,2.7777777777777777
44.44444444444444,52.77777777777778,2.7777777777777777
72.86486486486487,14.810810810810814,12.324324324324325
75.3875968992248,13.66279069767442,10.949612403100776
75.2927400468384,13.700234192037474,11.00702576112412
75.3875968992248,13.66279069767442,10.949612403100776
76.18483412322274,13.27014218009479,10.545023696682465
95.36340852130326,4.197994987468667,0.43859649122807015
65.41976013706453,32.78126784694461,1.7989720159908624
44.44444444444444,52.77777777777778,2.7777777777777777
44.44444444444444,52.77777777777778,2.7777777777777777
73.90719820745029,15.069243456882331,11.023558335667383
50.71106486298994,45.126604231703084,4.162330905306972
41.504238823273674,51.01079631910731,7.484964857619013
50.58125154588177,45.560227553796686,3.858520900321544
68.0564411625563,23.269638192401832,8.673920645041857
69.2332027038369,21.04705889948415,9.719738396678954
69.35881866928396,20.847958566921186,9.793222763794853
9.859154929577464,90.14084507042254,0.0
58.64414731409805,35.79638752052545,5.559465165376495
67.44838275181283,26.829898333856118,5.721718914331052
62.6024644549763,30.189194312796207,7.208341232227489
63.31400990857552,29.615915010981155,7.070075080443332
63.42467529660926,28.76515462580771,7.81017007758304
9.859154929577464,90.14084507042254,0.0
44.44444444444444,52.77777777777778,2.7777777777777777
67.64570728344948,21.769931837328638,10.584360879221872
9.859154929577464,90.14084507042254,0.0
58.6098208360982,36.31386861313869,5.076310550763106
57.79868254827648,33.27016783974012,8.931149611983397
58.546459479770185,33.677244188019685,7.776296332210128
57.88504671471221,34.2271092824193,7.887844002868492
38.645418326693225,51.39442231075697,9.9601593625498
41.13475177304964,48.22695035460993,10.638297872340425
35.55555555555556,53.333333333333336,11.11111111111111
35.55555555555556,53.333333333333336,11.11111111111111
35.55555555555556,53.333333333333336,11.11111111111111
38.028169014084504,51.40845070422535,10.56338028169014
35.55555555555556,53.333333333333336,11.11111111111111
38.028169014084504,51.40845070422535,10.56338028169014
38.028169014084504,51.40845070422535,10.56338028169014
49.77569728886288,46.32338599570899,3.9009167154281257
48.85373178056105,41.587929392807446,9.55833882663151
59.730704862092196,31.030885261579254,9.238409876328545
59.13195293908324,31.449191557502832,9.41885550341392
62.90597188185218,28.779827163678572,8.314200954469237
33.980582524271846,55.33980582524271,10.679611650485436
39.836984207845134,41.79826795720836,18.36474783494651
47.66355140186916,40.186915887850475,12.149532710280374
54.6464295211406,31.154499151103565,14.199071327755844
9.859154929577464,90.14084507042254,0.0
54.95495495495496,40.990990990990994,4.054054054054054
54.27890556045896,26.11120917917035,19.609885260370696
44.44444444444444,52.77777777777778,2.7777777777777777
54.79651162790697,39.389534883720934,5.813953488372093
9.859154929577464,90.14084507042254,0.0
53.95521880175133,39.82668269776094,6.218098500487739
44.44444444444444,52.77777777777778,2.7777777777777777
9.859154929577464,90.14084507042254,0.0
89.5800933125972,9.331259720062214,1.088646967340591
48.837209302325576,46.51162790697675,4.651162790697675
55.29484888509051,31.528241783855183,13.17690933105431
48.837209302325576,46.51162790697675,4.651162790697675
68.67469879518072,25.30120481927711,6.024096385542169
44.44444444444444,52.77777777777778,2.7777777777777777
44.44444444444444,52.77777777777778,2.7777777777777777
59.262357845778624,27.431156234933784,13.306485919287597
46.88318491356731,41.80199057097958,11.314824515453118
50.76923076923077,45.110521662245795,4.120247568523431
52.89541918755402,42.523768366465,4.580812445980985
59.34959349593496,32.52032520325203,8.130081300813007
74.63869257298151,16.31699049560228,9.044316931416208
49.961607371384694,45.35449193754799,4.683900691067315
58.333333333333336,16.666666666666664,25.0
53.51544596204968,30.3098359152993,16.174718122651022
54.60500171291538,32.33299075025694,13.06200753682768
52.40174672489083,42.35807860262008,5.240174672489083
37.37486095661847,62.5139043381535,0.11123470522803114
44.44444444444444,52.77777777777778,2.7777777777777777
44.44444444444444,52.77777777777778,2.7777777777777777
44.44444444444444,52.77777777777778,2.7777777777777777
67.83176553886612,25.72826581702321,6.439968644110657
50.98039215686274,45.09803921568627,3.9215686274509802
9.859154929577464,90.14084507042254,0.0
67.46987951807229,27.710843373493976,4.819277108433735
44.44444444444444,52.77777777777778,2.7777777777777777
70.2651863128516,22.248177992423244,7.486635694725146
69.70823223971936,23.214699655380244,7.0770681049004
59.35434672089477,34.0620233858668,6.583629893238434
44.44444444444444,52.77777777777778,2.7777777777777777
55.5019556714472,36.53194263363755,7.966101694915253
44.44444444444444,52.77777777777778,2.7777777777777777
44.44444444444444,52.77777777777778,2.7777777777777777
63.41380866425993,30.505415162454874,6.080776173285198
65.5679176353371,27.18781135835271,7.244271006310196
65.54545049262181,26.69965672506799,7.754892782310195
53.433189974788675,44.96514904345247,1.601660981758861
65.71488265199527,28.42468138449753,5.860435963507208
66.05253534092486,27.753187303749105,6.194277355326045
68.74123253199122,25.436633292284625,5.822134175724153
68.09860105258423,26.340695425307004,5.560703522108767
9.859154929577464,90.14084507042254,0.0
9.859154929577464,90.14084507042254,0.0
51.162790697674424,44.18604651162791,4.651162790697675
43.472063854047896,44.355758266818704,12.17217787913341
43.472063854047896,44.355758266818704,12.17217787913341
43.47826086956522,44.34782608695652,12.173913043478262
51.013065707252416,44.36659723537208,4.6203370573754965
45.09803921568628,51.96078431372548,2.941176470588235
58.333333333333336,16.666666666666664,25.0
68.53212333275837,26.317160488177503,5.150716179064127
68.00137049687575,26.9020059411746,5.096623561949638
9.859154929577464,90.14084507042254,0.0
51.36735034183758,40.495247623811906,8.13740203435051
63.654044948122056,26.593667445154868,9.752287606723076
35.797665369649806,52.52918287937744,11.673151750972762
41.13475177304964,48.22695035460993,10.638297872340425
48.275862068965516,48.275862068965516,3.4482758620689653
44.44444444444444,52.77777777777778,2.7777777777777777
49.54792043399638,43.3996383363472,7.05244122965642
38.63412633305989,51.25102543068088,10.11484823625923
38.63594012050438,51.239207404186594,10.124852475309025
44.44444444444444,52.77777777777778,2.7777777777777777
40.19790675547098,50.097050428163655,9.705042816365367
38.55421686746988,53.012048192771076,8.433734939759036
37.714285714285715,53.714285714285715,8.571428571428571
40.09033564364146,50.198582664901494,9.711081691457052
40.19108399111758,50.124092630950386,9.684823377932037
44.44444444444444,52.77777777777778,2.7777777777777777
38.55421686746988,53.012048192771076,8.433734939759036
40.03593688584424,50.2498736593857,9.71418945477006
40.247519105737425,50.05132884681191,9.701152047450668
48.89111013931405,44.13069282189043,6.9781970387955266
40.209803262776724,50.1026617389032,9.687534998320082
39.75435470725374,50.46532345192289,9.780321840823367
40.26996197718631,50.03422053231938,9.695817490494296
38.55421686746988,53.012048192771076,8.433734939759036
46.964977048247356,42.86286608607095,10.1721568656817
46.200864158499314,43.85263431961466,9.946501521886022
54.37842064112588,40.0312744331509,5.590304925723221
44.44444444444444,52.77777777777778,2.7777777777777777
60.00430755976739,34.48201593797114,5.513676502261469
44.44444444444444,52.77777777777778,2.7777777777777777
58.88372171821131,31.72981626896394,9.386462012824747
44.44444444444444,52.77777777777778,2.7777777777777777
44.44444444444444,52.77777777777778,2.7777777777777777
44.44444444444444,52.77777777777778,2.7777777777777777
44.44444444444444,52.77777777777778,2.7777777777777777
44.44444444444444,52.77777777777778,2.7777777777777777
58.973233874506356,33.47959631417289,7.547169811320755
50.3324870027808,40.41832910168057,9.249183895538629
51.435162265502385,38.55925508495107,10.005582649546541
67.69396070254572,25.17951936681525,7.126519930639036
59.63258293316886,31.53883430988149,8.828582756949645
61.52709359605911,30.536398467432946,7.936507936507936
50.2852614896989,45.92709984152139,3.787638668779715
43.66197183098591,47.887323943661976,8.450704225352112
44.44444444444444,52.77777777777778,2.7777777777777777
50.86842731382346,45.22959790625743,3.9019747799191054
44.44444444444444,52.77777777777778,2.7777777777777777
44.44444444444444,52.77777777777778,2.7777777777777777
57.89236658410268,26.57673333196864,15.530900083928682
49.961646637688574,45.35924316031705,4.679110201994375
61.337495892211635,30.282615839631944,8.379888268156424
65.37725646784793,25.060311122202815,9.562432409949254
44.44444444444444,52.77777777777778,2.7777777777777777
65.74713611859838,24.6841307277628,9.568733153638814
65.45271224037104,24.98890905424481,9.55837870538415
65.52559071553812,24.922768639893135,9.551640644568756
65.60087311532399,24.875702332349736,9.523424552326286
65.55739759815616,24.891836157049852,9.550766244793984
65.27939464493598,25.116414435389988,9.60419091967404
67.09363812526685,24.380070286070875,8.526291588662266
67.60168302945301,23.281907433380088,9.1164095371669
67.63466042154566,23.23185011709602,9.133489461358314
67.64639179933778,23.214042726901617,9.139565473760602
67.62081616015219,23.252864713075773,9.126319126772046
67.60168302945301,23.281907433380088,9.1164095371669
44.44444444444444,52.77777777777778,2.7777777777777777
67.61650758001123,23.259404828747897,9.124087591240876
27.917875474224502,70.3079669716581,1.7741575541173844
71.05615248445926,20.270882219752174,8.672965295788563
9.859154929577464,90.14084507042254,0.0
40.46242774566474,45.08670520231214,14.450867052023122
51.162790697674424,44.18604651162791,4.651162790697675
54.02282785930584,34.9685534591195,11.008618681574657
51.06807746057097,44.30025953284089,4.631663006588141
35.55555555555556,53.333333333333336,11.11111111111111
35.55555555555556,53.333333333333336,11.11111111111111
35.55555555555556,53.333333333333336,11.11111111111111
35.55555555555556,53.333333333333336,11.11111111111111
50.98039215686274,45.09803921568627,3.9215686274509802
44.35146443514644,52.88702928870293,2.761506276150628
9.859154929577464,90.14084507042254,0.0
58.333333333333336,16.666666666666664,25.0
72.04610088310133,23.104325699745544,4.84957341715312
60.402546886218566,31.481817536274193,8.11563557750724
64.57735212255365,27.56251506717219,7.860132810274168
33.33333333333333,55.55555555555556,11.11111111111111
44.44444444444444,52.77777777777778,2.7777777777777777
44.44444444444444,52.77777777777778,2.7777777777777777
72.27877838684417,19.723536822035335,7.997684791120493
38.88888888888889,50.0,11.11111111111111
50.98039215686274,45.09803921568627,3.9215686274509802
9.859154929577464,90.14084507042254,0.0
35.294117647058826,52.94117647058824,11.76470588235294
61.72144775546745,33.67438291341603,4.604169331116511
69.67990565878046,23.742164092783913,6.57793024843564
44.26494345718901,52.98869143780291,2.7463651050080773
44.44444444444444,52.77777777777778,2.7777777777777777
44.44444444444444,52.77777777777778,2.7777777777777777
60.456974387322646,32.48571955039616,7.057306062281186
68.50298401569216,25.236843203539085,6.26017278076875
69.25973577682242,24.735619920293715,6.004644302883861
38.88888888888889,50.0,11.11111111111111
9.859154929577464,90.14084507042254,0.0
47.61447488122915,40.02830284039219,12.357222278378652
50.502793296089386,45.653631284916194,3.8435754189944134
35.43721236028928,53.911900065746224,10.650887573964498
38.028169014084504,51.40845070422535,10.56338028169014
29.854096520763186,62.40179573512907,7.744107744107744
51.07271691665084,44.29466489462692,4.632618188722232
51.07122177185871,44.29646786334685,4.632310364794441
51.162790697674424,44.18604651162791,4.651162790697675
45.48063127690101,41.60688665710186,12.91248206599713
45.48063127690101,41.60688665710186,12.91248206599713
35.55555555555556,53.333333333333336,11.11111111111111
35.55555555555556,53.333333333333336,11.11111111111111
61.32733408323959,32.32845894263217,6.344206974128235
74.20786841617311,18.375271315292906,7.41686026853397
44.44444444444444,52.77777777777778,2.7777777777777777
50.32630990117472,45.88849524519858,3.7851948536267015
31.914893617021278,68.08510638297872,0.0
49.880423641954216,45.951486163307145,4.168090194738641
50.252563906321754,42.58380529618858,7.163630797489668
57.60842678100264,31.880771767810025,10.510801451187335
58.88940419030991,31.265004364906158,9.845591444783937
3.181761502971861,96.80161270210732,0.01662579492081965
54.961832061068705,39.31297709923665,5.7251908396946565
49.630139342852225,46.17237226905212,4.197488388095648
49.11344137273594,44.92373689227836,5.962821734985701
44.44444444444444,52.77777777777778,2.7777777777777777
44.44444444444444,52.77777777777778,2.7777777777777777
44.44444444444444,52.77777777777778,2.7777777777777777
44.44444444444444,52.77777777777778,2.7777777777777777
56.57047576159585,36.75985540936918,6.669668829034967
44.44444444444444,52.77777777777778,2.7777777777777777
67.74888072247226,26.323519869756794,5.927599407770942
50.6404527852249,45.07000297885016,4.289544235924933
50.564126180059866,45.56758001381533,3.8682938061247985
56.41025641025641,41.02564102564102,2.564102564102564
51.013065707252416,44.36659723537208,4.6203370573754965
45.5713630105553,46.718678292794856,7.7099586966498395
9.859154929577464,90.14084507042254,0.0
42.10526315789473,55.263157894736835,2.631578947368421
60.35722202869177,29.616493017069388,10.026284954238845
9.859154929577464,90.14084507042254,0.0
51.055858310626704,44.65258855585831,4.291553133514987
59.282297459475,30.548841297476383,10.16886124304863
58.89005906863868,32.02527588259536,9.084665048765968
35.55555555555556,53.333333333333336,11.11111111111111
55.59841836242646,32.68396180923908,11.717619828334458
46.18551042810099,36.58068057080131,17.233809001097693
44.44444444444444,52.77777777777778,2.7777777777777777
49.885941064341736,39.80188119121277,10.312177744445487
60.850731242051715,28.233626536668076,10.915642221280203
34.19838523644752,54.036908881199544,11.76470588235294
29.490022172949004,62.97117516629711,7.5388026607538805
9.859154929577464,90.14084507042254,0.0
40.87485515643105,43.626882966396295,15.498261877172654
44.44444444444444,52.77777777777778,2.7777777777777777
62.12380600354065,29.569285839347902,8.306908157111453
67.78588048720249,24.37832286913908,7.835796643658438
44.44444444444444,52.77777777777778,2.7777777777777777
65.92515485645256,26.35386948364048,7.720975659906958
55.37906137184115,40.61371841155235,4.007220216606498
64.61270181942345,26.208477635237305,9.178820545339251
